{"cameraMode":{"drawMode":0,"name":"Shaded","section":"Shading Mode"},"sceneLighting":true,"audioPlay":false,"sceneViewState":{"m_AlwaysRefresh":false,"showFog":true,"showSkybox":true,"showFlares":true,"showImageEffects":true,"showParticleSystems":true,"showVisualEffectGraphs":true,"m_FxEnabled":false},"in2DMode":false,"pivot":{"x":7.013377666473389,"y":-0.0000012529849300335628,"z":-0.004196773283183575},"rotation":{"x":-0.6895095705986023,"y":-0.0006539523019455373,"z":0.0006229310529306531,"w":-0.7242792248725891},"size":8.1745023727417,"orthographic":false}